NBST5	Pool-23_S228_GTGT.trim
NBST11	Pool-23_S228_AGAC.trim
NBST12	Pool-23_S228_ACCA.trim
NBSB8	Pool-23_S228_AGTG.trim
NBSB5	Pool-23_S228_CATC.trim
NBST6	Pool-23_S228_GTGA.trim
NBST4	Pool-23_S228_TCAG.trim
NBSB1	Pool-23_S228_GCTT.trim
NBSB6	Pool-23_S228_CTAC.trim
NBSB4	Pool-23_S228_TGTC.trim
NBST8	Pool-23_S228_TCAC.trim
NBST9	Pool-23_S228_GACT.trim
NBSB2	Pool-23_S228_GTGT.trim
NBSB1rep	Pool-24_S229_GTGT.trim
NBSB6rep	Pool-24_S229_AGAC.trim
NBSB4rep	Pool-24_S229_ACCA.trim
NBST8rep	Pool-24_S229_AGTG.trim
NBST9rep	Pool-24_S229_CATC.trim
NBSB2rep	Pool-24_S229_GTGA.trim
PHGV8	Pool-25_S230_GTGT.trim
PHGV7	Pool-25_S230_AGAC.trim
PHSB7	Pool-25_S230_ACCA.trim
PHBT2	Pool-25_S230_AGTG.trim
PHBT4	Pool-25_S230_CATC.trim
PHBT5	Pool-25_S230_GTGA.trim
PHST3	Pool-25_S230_TCAG.trim
PHST10	Pool-25_S230_GCTT.trim
PHBT3	Pool-25_S230_CTAC.trim
PHST7	Pool-25_S230_TGTC.trim
PHST2	Pool-25_S230_TCAC.trim
NBGV4	Pool-25_S230_GACT.trim
NBST3	Pool-27_S232_AGAC.trim
PHST1	Pool-27_S232_ACCA.trim
PHBT10	Pool-27_S232_AGTG.trim
PHSB2	Pool-27_S232_CATC.trim
PHST5	Pool-27_S232_GTGA.trim
PHSB5	Pool-27_S232_TCAG.trim
PHGV9	Pool-27_S232_GCTT.trim
PHBT12	Pool-27_S232_CTAC.trim
PHGV3	Pool-27_S232_TGTC.trim
PHBT7	Pool-27_S232_TCAC.trim
PHBT9	Pool-27_S232_GACT.trim
PHGV11	Pool-28_S233_GTGT.trim
NBSB9	Pool-28_S233_AGAC.trim
PHSB1	Pool-28_S233_ACCA.trim
NBGV5	Pool-28_S233_AGTG.trim
PHGV4	Pool-28_S233_CATC.trim
NBSB3	Pool-28_S233_GTGA.trim
PHSB9	Pool-28_S233_TCAG.trim
PHGV13	Pool-28_S233_GCTT.trim
PHGV14	Pool-28_S233_CTAC.trim
NBBT16	Pool-28_S233_TGTC.trim
NBBT6	Pool-28_S233_TCAC.trim
NBGV3	Pool-28_S233_GACT.trim
PHSB3	Pool-29_S234_GTGT.trim
PHGV6	Pool-29_S234_AGAC.trim
PHGV12	Pool-29_S234_ACCA.trim
PHGV2	Pool-29_S234_AGTG.trim
NBBT5	Pool-29_S234_CATC.trim
NBBT10	Pool-29_S234_GTGA.trim
NBBT7	Pool-29_S234_TCAG.trim
PHGV5	Pool-29_S234_GCTT.trim
NBST1	Pool-29_S234_CTAC.trim
NBST7	Pool-29_S234_TGTC.trim
NBBT1	Pool-29_S234_TCAC.trim
NBBT14	Pool-29_S234_GACT.trim
NBBT13	Pool-30_S235_GTGT.trim
PHGV1	Pool-30_S235_AGAC.trim
NBGV7	Pool-30_S235_ACCA.trim
PHSB4	Pool-30_S235_AGTG.trim
NBGV1	Pool-30_S235_CATC.trim
NBGV11	Pool-30_S235_GTGA.trim
NBSB7	Pool-30_S235_TCAG.trim
NBGV10	Pool-30_S235_GCTT.trim
NBBT2	Pool-30_S235_CTAC.trim
NBGV9	Pool-30_S235_TGTC.trim
NBBT12	Pool-30_S235_TCAC.trim
NBST10	Pool-30_S235_GACT.trim
NBST2	Pool-31_S236_GTGT.trim
NBGV8	Pool-31_S236_AGAC.trim
NBBT17	Pool-31_S236_ACCA.trim
NBST13	Pool-31_S236_AGTG.trim
NBBT3	Pool-31_S236_CATC.trim
NBGV2	Pool-31_S236_GTGA.trim
NBBT4	Pool-31_S236_TCAG.trim
NBBT9	Pool-31_S236_GCTT.trim
NBBT11	Pool-31_S236_CTAC.trim
NBBT15	Pool-31_S236_GACT.trim
